{"sources": [{"url": "null", "name": "MEDLINE", "id": "90237240"}], "anncomplete": false, "annotatable": {"parts": {}}, "relations": [], "entities": [{"classId": "e_1", "confidence": {"state": "", "who": ["genia4er"], "prob": 1.0}, "part": "s1h1", "offsets": [{"start": 29, "text": "T"}]}, {"classId": "e_2", "confidence": {"state": "", "who": ["genia4er"], "prob": 1.0}, "part": "s1h1", "offsets": [{"start": 47, "text": "alveolar"}]}, {"classId": "e_3", "confidence": {"state": "", "who": ["genia4er"], "prob": 1.0}, "part": "s2h1", "offsets": [{"start": 341, "text": "uncultured"}]}, {"classId": "e_4", "confidence": {"state": "", "who": ["genia4er"], "prob": 1.0}, "part": "s2h1", "offsets": [{"start": 398, "text": "blood"}]}, {"classId": "e_5", "confidence": {"state": "", "who": ["genia4er"], "prob": 1.0}, "part": "s2h1", "offsets": [{"start": 521, "text": "lavage"}]}, {"classId": "e_6", "confidence": {"state": "", "who": ["genia4er"], "prob": 1.0}, "part": "s2h1", "offsets": [{"start": 594, "text": "blood"}]}, {"classId": "e_7", "confidence": {"state": "", "who": ["genia4er"], "prob": 1.0}, "part": "s2h1", "offsets": [{"start": 880, "text": "lavage"}]}, {"classId": "e_8", "confidence": {"state": "", "who": ["genia4er"], "prob": 1.0}, "part": "s2h1", "offsets": [{"start": 955, "text": "T"}]}, {"classId": "e_9", "confidence": {"state": "", "who": ["genia4er"], "prob": 1.0}, "part": "s2h1", "offsets": [{"start": 1003, "text": "T"}]}, {"classId": "e_10", "confidence": {"state": "", "who": ["genia4er"], "prob": 1.0}, "part": "s2h1", "offsets": [{"start": 1097, "text": "T"}]}, {"classId": "e_11", "confidence": {"state": "", "who": ["genia4er"], "prob": 1.0}, "part": "s2h1", "offsets": [{"start": 1270, "text": "lavage"}]}, {"classId": "e_12", "confidence": {"state": "", "who": ["genia4er"], "prob": 1.0}, "part": "s2h1", "offsets": [{"start": 1335, "text": "macrophages"}]}]}