{"sources": [{"url": "null", "name": "MEDLINE", "id": "91092268"}], "anncomplete": false, "annotatable": {"parts": {}}, "relations": [], "entities": [{"classId": "e_1", "confidence": {"state": "", "who": ["genia4er"], "prob": 1.0}, "part": "s1h1", "offsets": [{"start": 41, "text": "adenovirus"}]}, {"classId": "e_2", "confidence": {"state": "", "who": ["genia4er"], "prob": 1.0}, "part": "s1h1", "offsets": [{"start": 91, "text": "NF-kappa"}]}, {"classId": "e_3", "confidence": {"state": "", "who": ["genia4er"], "prob": 1.0}, "part": "s2h1", "offsets": [{"start": 171, "text": "lymphoid"}]}, {"classId": "e_4", "confidence": {"state": "", "who": ["genia4er"], "prob": 1.0}, "part": "s2h1", "offsets": [{"start": 212, "text": "viral"}]}, {"classId": "e_5", "confidence": {"state": "", "who": ["genia4er"], "prob": 1.0}, "part": "s2h1", "offsets": [{"start": 243, "text": "cellular"}]}, {"classId": "e_6", "confidence": {"state": "", "who": ["genia4er"], "prob": 1.0}, "part": "s2h1", "offsets": [{"start": 304, "text": "lymphocytes"}]}, {"classId": "e_7", "confidence": {"state": "", "who": ["genia4er"], "prob": 1.0}, "part": "s2h1", "offsets": [{"start": 343, "text": "adenovirus"}]}, {"classId": "e_8", "confidence": {"state": "", "who": ["genia4er"], "prob": 1.0}, "part": "s2h1", "offsets": [{"start": 464, "text": "class"}]}, {"classId": "e_9", "confidence": {"state": "", "who": ["genia4er"], "prob": 1.0}, "part": "s2h1", "offsets": [{"start": 622, "text": "cellular"}]}, {"classId": "e_10", "confidence": {"state": "", "who": ["genia4er"], "prob": 1.0}, "part": "s2h1", "offsets": [{"start": 673, "text": "lymphocytes"}]}, {"classId": "e_11", "confidence": {"state": "", "who": ["genia4er"], "prob": 1.0}, "part": "s2h1", "offsets": [{"start": 702, "text": "HeLa"}]}, {"classId": "e_12", "confidence": {"state": "", "who": ["genia4er"], "prob": 1.0}, "part": "s2h1", "offsets": [{"start": 766, "text": "E3"}]}, {"classId": "e_13", "confidence": {"state": "", "who": ["genia4er"], "prob": 1.0}, "part": "s2h1", "offsets": [{"start": 840, "text": "novel"}]}, {"classId": "e_14", "confidence": {"state": "", "who": ["genia4er"], "prob": 1.0}, "part": "s2h1", "offsets": [{"start": 869, "text": "L1"}]}, {"classId": "e_15", "confidence": {"state": "", "who": ["genia4er"], "prob": 1.0}, "part": "s2h1", "offsets": [{"start": 876, "text": "L2"}]}, {"classId": "e_16", "confidence": {"state": "", "who": ["genia4er"], "prob": 1.0}, "part": "s2h1", "offsets": [{"start": 1016, "text": "cellular"}]}, {"classId": "e_17", "confidence": {"state": "", "who": ["genia4er"], "prob": 1.0}, "part": "s2h1", "offsets": [{"start": 1061, "text": "E3"}]}, {"classId": "e_18", "confidence": {"state": "", "who": ["genia4er"], "prob": 1.0}, "part": "s2h1", "offsets": [{"start": 1089, "text": "chloramphenicol"}]}, {"classId": "e_19", "confidence": {"state": "", "who": ["genia4er"], "prob": 1.0}, "part": "s2h1", "offsets": [{"start": 1161, "text": "distal"}]}, {"classId": "e_20", "confidence": {"state": "", "who": ["genia4er"], "prob": 1.0}, "part": "s2h1", "offsets": [{"start": 1236, "text": "HeLa"}]}, {"classId": "e_21", "confidence": {"state": "", "who": ["genia4er"], "prob": 1.0}, "part": "s2h1", "offsets": [{"start": 1300, "text": "lymphoid"}]}, {"classId": "e_22", "confidence": {"state": "", "who": ["genia4er"], "prob": 1.0}, "part": "s2h1", "offsets": [{"start": 1344, "text": "proximal"}]}, {"classId": "e_23", "confidence": {"state": "", "who": ["genia4er"], "prob": 1.0}, "part": "s2h1", "offsets": [{"start": 1422, "text": "HeLa"}]}, {"classId": "e_24", "confidence": {"state": "", "who": ["genia4er"], "prob": 1.0}, "part": "s2h1", "offsets": [{"start": 1437, "text": "lymphoid"}]}, {"classId": "e_25", "confidence": {"state": "", "who": ["genia4er"], "prob": 1.0}, "part": "s2h1", "offsets": [{"start": 1526, "text": "lymphoid"}]}, {"classId": "e_26", "confidence": {"state": "", "who": ["genia4er"], "prob": 1.0}, "part": "s2h1", "offsets": [{"start": 1561, "text": "L2"}]}, {"classId": "e_27", "confidence": {"state": "", "who": ["genia4er"], "prob": 1.0}, "part": "s2h1", "offsets": [{"start": 1631, "text": "L1"}]}, {"classId": "e_28", "confidence": {"state": "", "who": ["genia4er"], "prob": 1.0}, "part": "s2h1", "offsets": [{"start": 1638, "text": "L2"}]}, {"classId": "e_29", "confidence": {"state": "", "who": ["genia4er"], "prob": 1.0}, "part": "s2h1", "offsets": [{"start": 1668, "text": "primary"}]}, {"classId": "e_30", "confidence": {"state": "", "who": ["genia4er"], "prob": 1.0}, "part": "s2h1", "offsets": [{"start": 1735, "text": "E3"}]}]}