{"sources": [{"url": "null", "name": "MEDLINE", "id": "91110562"}], "anncomplete": false, "annotatable": {"parts": {}}, "relations": [], "entities": [{"classId": "e_1", "confidence": {"state": "", "who": ["genia4er"], "prob": 1.0}, "part": "s1h1", "offsets": [{"start": 26, "text": "B-cell"}]}, {"classId": "e_2", "confidence": {"state": "", "who": ["genia4er"], "prob": 1.0}, "part": "s1h1", "offsets": [{"start": 78, "text": "human"}]}, {"classId": "e_3", "confidence": {"state": "", "who": ["genia4er"], "prob": 1.0}, "part": "s2h1", "offsets": [{"start": 140, "text": "Interferons"}]}, {"classId": "e_4", "confidence": {"state": "", "who": ["genia4er"], "prob": 1.0}, "part": "s2h1", "offsets": [{"start": 182, "text": "antiviral"}]}, {"classId": "e_5", "confidence": {"state": "", "who": ["genia4er"], "prob": 1.0}, "part": "s2h1", "offsets": [{"start": 271, "text": "IFNs"}]}, {"classId": "e_6", "confidence": {"state": "", "who": ["genia4er"], "prob": 1.0}, "part": "s2h1", "offsets": [{"start": 302, "text": "normal"}]}, {"classId": "e_7", "confidence": {"state": "", "who": ["genia4er"], "prob": 1.0}, "part": "s2h1", "offsets": [{"start": 313, "text": "transformed"}]}, {"classId": "e_8", "confidence": {"state": "", "who": ["genia4er"], "prob": 1.0}, "part": "s2h1", "offsets": [{"start": 351, "text": "nuclear"}]}, {"classId": "e_9", "confidence": {"state": "", "who": ["genia4er"], "prob": 1.0}, "part": "s2h1", "offsets": [{"start": 367, "text": "IRF-1"}]}, {"classId": "e_10", "confidence": {"state": "", "who": ["genia4er"], "prob": 1.0}, "part": "s2h1", "offsets": [{"start": 422, "text": "type"}]}, {"classId": "e_11", "confidence": {"state": "", "who": ["genia4er"], "prob": 1.0}, "part": "s2h1", "offsets": [{"start": 442, "text": "IFN-inducible"}]}, {"classId": "e_12", "confidence": {"state": "", "who": ["genia4er"], "prob": 1.0}, "part": "s2h1", "offsets": [{"start": 509, "text": "IRF-1"}]}, {"classId": "e_13", "confidence": {"state": "", "who": ["genia4er"], "prob": 1.0}, "part": "s2h1", "offsets": [{"start": 538, "text": "IFN"}]}, {"classId": "e_14", "confidence": {"state": "", "who": ["genia4er"], "prob": 1.0}, "part": "s2h1", "offsets": [{"start": 601, "text": "IRF-1"}]}, {"classId": "e_15", "confidence": {"state": "", "who": ["genia4er"], "prob": 1.0}, "part": "s2h1", "offsets": [{"start": 630, "text": "IFN"}]}, {"classId": "e_16", "confidence": {"state": "", "who": ["genia4er"], "prob": 1.0}, "part": "s2h1", "offsets": [{"start": 748, "text": "human"}]}, {"classId": "e_17", "confidence": {"state": "", "who": ["genia4er"], "prob": 1.0}, "part": "s2h1", "offsets": [{"start": 779, "text": "human"}]}, {"classId": "e_18", "confidence": {"state": "", "who": ["genia4er"], "prob": 1.0}, "part": "s2h1", "offsets": [{"start": 925, "text": "B"}]}, {"classId": "e_19", "confidence": {"state": "", "who": ["genia4er"], "prob": 1.0}, "part": "s2h1", "offsets": [{"start": 978, "text": "bone"}]}, {"classId": "e_20", "confidence": {"state": "", "who": ["genia4er"], "prob": 1.0}, "part": "s2h1", "offsets": [{"start": 1102, "text": "B-cell"}]}, {"classId": "e_21", "confidence": {"state": "", "who": ["genia4er"], "prob": 1.0}, "part": "s2h1", "offsets": [{"start": 1130, "text": "transgenic"}]}, {"classId": "e_22", "confidence": {"state": "", "who": ["genia4er"], "prob": 1.0}, "part": "s2h1", "offsets": [{"start": 1177, "text": "bone"}]}, {"classId": "e_23", "confidence": {"state": "", "who": ["genia4er"], "prob": 1.0}, "part": "s2h1", "offsets": [{"start": 1235, "text": "B-cell"}]}]}