{"sources": [{"url": "null", "name": "MEDLINE", "id": "92156797"}], "anncomplete": false, "annotatable": {"parts": {}}, "relations": [], "entities": [{"classId": "e_1", "confidence": {"state": "", "who": ["genia4er"], "prob": 1.0}, "part": "s1h1", "offsets": [{"start": 43, "text": "NF-kappa"}]}, {"classId": "e_2", "confidence": {"state": "", "who": ["genia4er"], "prob": 1.0}, "part": "s1h1", "offsets": [{"start": 118, "text": "myelomonoblastic"}]}, {"classId": "e_3", "confidence": {"state": "", "who": ["genia4er"], "prob": 1.0}, "part": "s2h1", "offsets": [{"start": 238, "text": "NF-kappa"}]}, {"classId": "e_4", "confidence": {"state": "", "who": ["genia4er"], "prob": 1.0}, "part": "s2h1", "offsets": [{"start": 336, "text": "PLB-985"}]}, {"classId": "e_5", "confidence": {"state": "", "who": ["genia4er"], "prob": 1.0}, "part": "s2h1", "offsets": [{"start": 362, "text": "bipotential"}]}, {"classId": "e_6", "confidence": {"state": "", "who": ["genia4er"], "prob": 1.0}, "part": "s2h1", "offsets": [{"start": 539, "text": "CD4"}]}, {"classId": "e_7", "confidence": {"state": "", "who": ["genia4er"], "prob": 1.0}, "part": "s2h1", "offsets": [{"start": 564, "text": "PLB-985"}]}, {"classId": "e_8", "confidence": {"state": "", "who": ["genia4er"], "prob": 1.0}, "part": "s2h1", "offsets": [{"start": 628, "text": "PLB-IIIB"}]}, {"classId": "e_9", "confidence": {"state": "", "who": ["genia4er"], "prob": 1.0}, "part": "s2h1", "offsets": [{"start": 697, "text": "parental"}]}, {"classId": "e_10", "confidence": {"state": "", "who": ["genia4er"], "prob": 1.0}, "part": "s2h1", "offsets": [{"start": 787, "text": "myeloid-specific"}]}, {"classId": "e_11", "confidence": {"state": "", "who": ["genia4er"], "prob": 1.0}, "part": "s2h1", "offsets": [{"start": 846, "text": "c-fms"}]}, {"classId": "e_12", "confidence": {"state": "", "who": ["genia4er"], "prob": 1.0}, "part": "s2h1", "offsets": [{"start": 868, "text": "NF-kappa"}]}, {"classId": "e_13", "confidence": {"state": "", "who": ["genia4er"], "prob": 1.0}, "part": "s2h1", "offsets": [{"start": 913, "text": "tumor"}]}, {"classId": "e_14", "confidence": {"state": "", "who": ["genia4er"], "prob": 1.0}, "part": "s2h1", "offsets": [{"start": 968, "text": "PLB-985"}]}, {"classId": "e_15", "confidence": {"state": "", "who": ["genia4er"], "prob": 1.0}, "part": "s2h1", "offsets": [{"start": 989, "text": "PLB-IIIB"}]}, {"classId": "e_16", "confidence": {"state": "", "who": ["genia4er"], "prob": 1.0}, "part": "s2h1", "offsets": [{"start": 1040, "text": "NF-kappa"}]}, {"classId": "e_17", "confidence": {"state": "", "who": ["genia4er"], "prob": 1.0}, "part": "s2h1", "offsets": [{"start": 1173, "text": "symmetric"}]}, {"classId": "e_18", "confidence": {"state": "", "who": ["genia4er"], "prob": 1.0}, "part": "s2h1", "offsets": [{"start": 1208, "text": "interferon"}]}, {"classId": "e_19", "confidence": {"state": "", "who": ["genia4er"], "prob": 1.0}, "part": "s2h1", "offsets": [{"start": 1269, "text": "5"}]}, {"classId": "e_20", "confidence": {"state": "", "who": ["genia4er"], "prob": 1.0}, "part": "s2h1", "offsets": [{"start": 1297, "text": "kappa"}]}, {"classId": "e_21", "confidence": {"state": "", "who": ["genia4er"], "prob": 1.0}, "part": "s2h1", "offsets": [{"start": 1343, "text": "NF-kappa"}]}, {"classId": "e_22", "confidence": {"state": "", "who": ["genia4er"], "prob": 1.0}, "part": "s2h1", "offsets": [{"start": 1399, "text": "IFN-beta"}]}, {"classId": "e_23", "confidence": {"state": "", "who": ["genia4er"], "prob": 1.0}, "part": "s2h1", "offsets": [{"start": 1448, "text": "PLB-IIIB"}]}, {"classId": "e_24", "confidence": {"state": "", "who": ["genia4er"], "prob": 1.0}, "part": "s2h1", "offsets": [{"start": 1511, "text": "myelomonoblastic"}]}, {"classId": "e_25", "confidence": {"state": "", "who": ["genia4er"], "prob": 1.0}, "part": "s2h1", "offsets": [{"start": 1623, "text": "NF-kappa"}]}, {"classId": "e_26", "confidence": {"state": "", "who": ["genia4er"], "prob": 1.0}, "part": "s2h1", "offsets": [{"start": 1686, "text": "NF-kappa"}]}]}