{"sources": [{"url": "null", "name": "MEDLINE", "id": "92185243"}], "anncomplete": false, "annotatable": {"parts": {}}, "relations": [], "entities": [{"classId": "e_1", "confidence": {"state": "", "who": ["genia4er"], "prob": 1.0}, "part": "s1h1", "offsets": [{"start": 36, "text": "activation-inducer"}]}, {"classId": "e_2", "confidence": {"state": "", "who": ["genia4er"], "prob": 1.0}, "part": "s1h1", "offsets": [{"start": 94, "text": "transcription"}]}, {"classId": "e_3", "confidence": {"state": "", "who": ["genia4er"], "prob": 1.0}, "part": "s2h1", "offsets": [{"start": 142, "text": "AP-1"}]}, {"classId": "e_4", "confidence": {"state": "", "who": ["genia4er"], "prob": 1.0}, "part": "s2h1", "offsets": [{"start": 290, "text": "AP-1"}]}, {"classId": "e_5", "confidence": {"state": "", "who": ["genia4er"], "prob": 1.0}, "part": "s2h1", "offsets": [{"start": 307, "text": "human"}]}, {"classId": "e_6", "confidence": {"state": "", "who": ["genia4er"], "prob": 1.0}, "part": "s2h1", "offsets": [{"start": 403, "text": "CD69"}]}, {"classId": "e_7", "confidence": {"state": "", "who": ["genia4er"], "prob": 1.0}, "part": "s2h1", "offsets": [{"start": 466, "text": "AIM/CD69"}]}, {"classId": "e_8", "confidence": {"state": "", "who": ["genia4er"], "prob": 1.0}, "part": "s2h1", "offsets": [{"start": 546, "text": "T"}]}, {"classId": "e_9", "confidence": {"state": "", "who": ["genia4er"], "prob": 1.0}, "part": "s2h1", "offsets": [{"start": 574, "text": "anti-AIM"}]}, {"classId": "e_10", "confidence": {"state": "", "who": ["genia4er"], "prob": 1.0}, "part": "s2h1", "offsets": [{"start": 634, "text": "anti-AIM"}]}, {"classId": "e_11", "confidence": {"state": "", "who": ["genia4er"], "prob": 1.0}, "part": "s2h1", "offsets": [{"start": 650, "text": "PMA-treated"}]}, {"classId": "e_12", "confidence": {"state": "", "who": ["genia4er"], "prob": 1.0}, "part": "s2h1", "offsets": [{"start": 718, "text": "AP-1"}]}, {"classId": "e_13", "confidence": {"state": "", "who": ["genia4er"], "prob": 1.0}, "part": "s2h1", "offsets": [{"start": 752, "text": "phorbol"}]}, {"classId": "e_14", "confidence": {"state": "", "who": ["genia4er"], "prob": 1.0}, "part": "s2h1", "offsets": [{"start": 797, "text": "anti-AIM"}]}, {"classId": "e_15", "confidence": {"state": "", "who": ["genia4er"], "prob": 1.0}, "part": "s2h1", "offsets": [{"start": 863, "text": "NF-kappa"}]}, {"classId": "e_16", "confidence": {"state": "", "who": ["genia4er"], "prob": 1.0}, "part": "s2h1", "offsets": [{"start": 877, "text": "transcription"}]}, {"classId": "e_17", "confidence": {"state": "", "who": ["genia4er"], "prob": 1.0}, "part": "s2h1", "offsets": [{"start": 934, "text": "protein"}]}, {"classId": "e_18", "confidence": {"state": "", "who": ["genia4er"], "prob": 1.0}, "part": "s2h1", "offsets": [{"start": 968, "text": "AP-1"}]}, {"classId": "e_19", "confidence": {"state": "", "who": ["genia4er"], "prob": 1.0}, "part": "s2h1", "offsets": [{"start": 1057, "text": "c-fos"}]}, {"classId": "e_20", "confidence": {"state": "", "who": ["genia4er"], "prob": 1.0}, "part": "s2h1", "offsets": [{"start": 1079, "text": "c-jun"}]}, {"classId": "e_21", "confidence": {"state": "", "who": ["genia4er"], "prob": 1.0}, "part": "s2h1", "offsets": [{"start": 1102, "text": "DNA-binding"}]}, {"classId": "e_22", "confidence": {"state": "", "who": ["genia4er"], "prob": 1.0}, "part": "s2h1", "offsets": [{"start": 1132, "text": "anti-Fos"}]}, {"classId": "e_23", "confidence": {"state": "", "who": ["genia4er"], "prob": 1.0}, "part": "s2h1", "offsets": [{"start": 1184, "text": "c-Fos"}]}, {"classId": "e_24", "confidence": {"state": "", "who": ["genia4er"], "prob": 1.0}, "part": "s2h1", "offsets": [{"start": 1197, "text": "AP-1"}]}, {"classId": "e_25", "confidence": {"state": "", "who": ["genia4er"], "prob": 1.0}, "part": "s2h1", "offsets": [{"start": 1223, "text": "anti-AIM"}]}, {"classId": "e_26", "confidence": {"state": "", "who": ["genia4er"], "prob": 1.0}, "part": "s2h1", "offsets": [{"start": 1249, "text": "AP-1"}]}, {"classId": "e_27", "confidence": {"state": "", "who": ["genia4er"], "prob": 1.0}, "part": "s2h1", "offsets": [{"start": 1292, "text": "anti-AIM"}]}, {"classId": "e_28", "confidence": {"state": "", "who": ["genia4er"], "prob": 1.0}, "part": "s2h1", "offsets": [{"start": 1445, "text": "AP-1"}]}, {"classId": "e_29", "confidence": {"state": "", "who": ["genia4er"], "prob": 1.0}, "part": "s2h1", "offsets": [{"start": 1520, "text": "human"}]}, {"classId": "e_30", "confidence": {"state": "", "who": ["genia4er"], "prob": 1.0}, "part": "s2h1", "offsets": [{"start": 1611, "text": "AP-1"}]}]}