{"sources": [{"url": "null", "name": "MEDLINE", "id": "92294188"}], "anncomplete": false, "annotatable": {"parts": {}}, "relations": [], "entities": [{"classId": "e_1", "confidence": {"state": "", "who": ["genia4er"], "prob": 1.0}, "part": "s2h1", "offsets": [{"start": 187, "text": "platelet"}]}, {"classId": "e_2", "confidence": {"state": "", "who": ["genia4er"], "prob": 1.0}, "part": "s2h1", "offsets": [{"start": 445, "text": "peripheral"}]}, {"classId": "e_3", "confidence": {"state": "", "who": ["genia4er"], "prob": 1.0}, "part": "s2h1", "offsets": [{"start": 1357, "text": "platelet"}]}, {"classId": "e_4", "confidence": {"state": "", "who": ["genia4er"], "prob": 1.0}, "part": "s2h1", "offsets": [{"start": 1438, "text": "oestrogen"}]}, {"classId": "e_5", "confidence": {"state": "", "who": ["genia4er"], "prob": 1.0}, "part": "s2h1", "offsets": [{"start": 1467, "text": "collagen"}]}]}